Date,"Poondi
Inflow
Total","Poondi
Inflow
Catchment","Poondi
Inflow
KP Canal","Poondi
Outflow
Total","Poondi
Outflow
Evaporation","Poondi
Outflow
Irrigation","Poondi
Outflow
Dam","Poondi
Outflow
Link Canal","Poondi
Outflow
Baby Canal","Cholavaram
Inflow
Total","Cholavaram
Inflow
Catchment","Cholavaram
Inflow
U.S. Channel","Cholavaram
Outflow
Total","Cholavaram
Outflow
Evaporation","Cholavaram
Outflow
Irrigation","Cholavaram
Outflow
Dam","Cholavaram
Outflow
L.S. Channel","Redhills
Inflow
Total","Redhills
Inflow
Catchment","Redhills
Inflow
Feeder canal","Redhills
Inflow
Cholavaram","Redhills
Outflow
Total","Redhills
Outflow
Evaporation","Redhills
Outflow
Irrigation","Redhills
Outflow
Dam","Redhills
Outflow
Metro","Chembarambakkam
Inflow
Total","Chembarambakkam
Inflow
Catchment","Chembarambakkam
Inflow
Link Canal","Chembarambakkam
Outflow
Total","Chembarambakkam
Outflow
Evaporation","Chembarambakkam
Outflow
Irrigation","Chembarambakkam
Outflow
Dam","Chembarambakkam
Outflow
Metro","Chembarambakkam
Outflow
Sipcot","Veeranam
Inflow
Total","Veeranam
Inflow
Catchment","Veeranam
Inflow
Vadavar","Veeranam
Outflow
Total","Veeranam
Outflow
Evaporation","Veeranam
Outflow
Irrigation","Veeranam
Outflow
Dam","Veeranam
Outflow
CMWSSB","Veeranam
Outflow
VNSS","ThervoyKandigai
Inflow
Total","ThervoyKandigai
Inflow
Catchment","ThervoyKandigai
Inflow
From Kandaleru","ThervoyKandigai
Outflow
Total","ThervoyKandigai
Outflow
Evaporation","ThervoyKandigai
Outflow
Irrigation","ThervoyKandigai
Outflow
Dam","ThervoyKandigai
Outflow
To Poondi"
01-Jan-23,900,430,470,903,15,0,300,550,38,15,5,0,15,15,0,0,0,351,36,315,0,187,28,0,0,159,246,71,175,130,20,0,0,107,3,0,0,0,422,0,255,0,65,102,0,0,0,15,15,0,0,0
02-Jan-23,800,340,460,803,15,0,200,550,38,15,5,0,15,15,0,0,0,351,36,315,0,187,28,0,0,159,246,71,175,130,21,0,0,107,2,0,0,0,422,0,255,0,65,102,0,0,0,10,10,0,0,0
03-Jan-23,800,340,460,803,15,0,200,550,38,15,5,0,15,15,0,0,0,341,26,315,0,187,28,0,0,159,246,71,175,130,19,0,0,108,3,0,0,0,422,0,255,0,65,102,0,0,0,10,10,0,0,0
04-Jan-23,800,320,480,803,15,0,200,550,38,15,5,0,15,15,0,0,0,315,0,315,0,187,28,0,0,159,246,71,175,130,20,0,0,108,2,0,0,0,422,0,255,0,65,102,0,0,0,10,10,0,0,0
05-Jan-23,780,300,480,803,15,0,200,550,38,15,5,0,15,15,0,0,0,315,0,315,0,187,28,0,0,159,246,71,175,130,20,0,0,108,2,569,0,569,287,0,120,0,65,102,0,0,0,10,10,0,0,0
06-Jan-23,780,280,500,803,15,0,200,550,38,15,5,0,15,15,0,0,0,315,0,315,0,187,28,0,0,159,246,71,175,130,31,0,0,96,3,351,0,351,351,0,184,0,65,102,0,0,0,10,10,0,0,0
07-Jan-23,700,220,480,703,15,0,100,550,38,15,5,0,15,15,0,0,0,315,0,315,0,187,28,0,0,159,246,71,175,130,20,0,0,107,3,0,0,0,423,0,256,0,65,102,0,0,0,10,10,0,0,0
08-Jan-23,700,220,480,703,15,0,100,550,38,15,5,0,15,15,0,0,0,315,0,315,0,187,28,0,0,159,246,71,175,130,19,0,0,108,3,0,0,0,423,0,256,0,65,102,0,0,0,10,10,0,0,0
09-Jan-23,650,220,430,703,15,0,100,550,38,15,5,0,15,15,0,0,0,315,0,315,0,187,28,0,0,159,246,71,175,130,20,0,0,108,2,0,0,0,282,0,115,0,65,102,0,0,0,10,10,0,0,0
10-Jan-23,490,160,330,703,15,0,100,550,38,15,5,0,15,15,0,0,0,315,0,315,0,187,28,0,0,159,243,68,175,150,39,0,0,108,3,141,0,141,282,0,115,0,65,102,0,0,0,10,10,0,0,0
11-Jan-23,410,110,300,703,15,0,100,550,38,15,5,0,15,15,0,0,0,315,0,315,0,187,28,0,0,159,246,68,178,130,19,0,0,108,3,141,0,141,282,0,115,0,65,102,0,0,0,10,10,0,0,0
12-Jan-23,380,110,270,703,15,0,100,550,38,15,5,0,15,15,0,0,0,315,0,315,0,187,28,0,0,159,243,68,175,133,19,3,0,108,3,0,0,0,282,0,115,0,65,102,0,0,0,10,10,0,0,0
13-Jan-23,360,90,270,653,15,0,50,550,38,15,5,0,15,15,0,0,0,315,0,315,0,187,28,0,0,159,231,56,175,138,24,3,0,108,3,0,0,0,282,0,115,0,65,102,0,0,0,15,15,0,0,0
14-Jan-23,340,90,250,653,15,0,50,550,38,15,5,0,15,15,0,0,0,315,0,0,315,187,28,0,0,159,231,56,175,138,24,3,0,108,3,0,0,0,423,0,256,0,65,102,0,0,0,15,15,0,0,0
15-Jan-23,330,90,240,653,15,0,50,550,38,15,5,0,15,15,0,0,0,315,0,315,0,187,28,0,0,159,231,56,175,138,24,3,0,108,3,0,0,0,282,0,115,0,65,102,0,0,0,15,15,0,0,0
16-Jan-23,290,70,220,603,15,0,0,550,38,15,5,0,15,15,0,0,0,315,0,315,0,187,28,0,0,159,231,56,175,138,24,5,0,108,1,0,0,0,283,0,116,0,65,102,0,0,0,15,15,0,0,0
17-Jan-23,290,70,220,603,15,0,0,550,38,15,5,0,15,15,0,0,0,315,0,315,0,187,28,0,0,159,231,56,175,138,24,5,0,108,1,0,0,0,249,0,83,0,64,102,0,0,0,15,15,0,0,0
18-Jan-23,295,70,225,603,15,0,0,550,38,15,5,0,15,15,0,0,0,315,0,315,0,187,28,0,0,159,231,56,175,138,24,5,0,108,1,0,0,0,249,0,82,0,65,102,0,0,0,15,15,0,0,0
19-Jan-23,260,70,190,603,15,0,0,550,38,15,5,0,15,15,0,0,0,315,0,315,0,187,28,0,0,159,231,56,175,140,24,5,0,108,3,632,0,632,383,0,216,0,65,102,0,0,0,15,15,0,0,0
20-Jan-23,220,50,170,603,15,0,0,550,38,15,5,0,15,15,0,0,0,315,0,315,0,187,28,0,0,159,231,56,175,140,25,5,0,108,2,915,0,915,383,0,216,0,65,102,0,0,0,15,15,0,0,0
21-Jan-23,205,50,155,603,15,0,0,550,38,15,5,0,15,15,0,0,0,315,0,315,0,187,28,0,0,159,231,56,175,140,24,5,0,108,3,1186,0,1186,341,0,174,0,65,102,0,0,0,15,15,0,0,0
22-Jan-23,165,40,125,603,15,0,0,550,38,15,5,0,15,15,0,0,0,315,0,315,0,187,28,0,0,159,231,56,175,140,27,5,0,106,2,1151,0,1151,306,0,139,0,65,102,0,0,0,15,15,0,0,0
23-Jan-23,165,40,125,603,15,0,0,550,38,15,5,0,15,15,0,0,0,245,0,245,0,187,28,0,0,159,198,56,142,140,26,5,0,108,1,1011,0,1011,306,0,139,0,65,102,0,0,0,15,15,0,0,0
24-Jan-23,185,40,145,403,15,0,0,350,38,15,5,0,15,15,0,0,0,305,0,305,0,187,28,0,0,159,47,47,0,140,24,5,0,108,3,1010,0,1010,306,0,139,0,65,102,0,0,0,15,15,0,0,0
25-Jan-23,165,40,125,403,15,0,0,350,38,20,0,10,15,15,0,0,0,305,0,305,0,187,28,0,0,159,36,36,0,140,25,5,0,108,2,1089,0,1089,244,0,77,0,65,102,0,0,0,15,15,0,0,0
26-Jan-23,155,40,115,403,15,0,0,350,38,20,0,10,15,15,0,0,0,305,0,305,0,187,28,0,0,159,0,0,0,139,26,5,0,105,3,385,0,385,244,0,77,0,65,102,0,0,0,15,15,0,0,0
27-Jan-23,145,40,105,403,15,0,0,350,38,20,0,10,15,15,0,0,0,305,0,305,0,187,28,0,0,159,0,0,0,162,46,5,0,108,3,504,0,504,223,0,56,0,65,102,0,0,0,15,15,0,0,0
28-Jan-23,60,20,40,293,15,0,0,240,38,20,0,10,15,15,0,0,0,215,0,215,0,187,28,0,0,159,0,0,0,185,70,5,0,108,2,504,0,504,223,0,56,0,65,102,0,0,0,15,15,0,0,0
29-Jan-23,30,0,30,293,15,0,0,240,38,20,0,10,15,15,0,0,0,215,0,215,0,187,28,0,0,159,0,0,0,185,70,5,0,108,2,501,0,501,220,0,53,0,65,102,0,0,0,15,15,0,0,0
30-Jan-23,20,0,20,293,15,0,0,240,38,20,0,10,15,15,0,0,0,215,0,215,0,187,28,0,0,159,0,0,0,162,49,5,0,108,0,599,0,599,177,0,10,0,65,102,0,0,0,15,15,,,
31-Jan-23,0,0,0,293,15,0,0,240,38,20,0,10,15,15,0,0,0,215,0,215,0,187,28,0,0,159,0,0,0,150,37,5,0,108,0,177,0,177,177,0,10,0,65,102,0,0,0,15,15,0,0,0
01-Feb-23,0,0,0,293,15,0,0,240,38,20,0,10,15,15,0,0,0,215,0,215,0,187,28,0,0,159,0,0,0,150,34,5,0,108,3,150,0,150,150,0,10,0,65,75,0,0,0,15,15,0,0,0
02-Feb-23,0,0,0,298,20,0,0,240,38,20,0,10,15,15,0,0,0,215,0,215,0,187,28,0,0,159,0,0,0,150,34,5,0,108,3,150,0,150,150,0,10,0,65,75,0,0,0,15,15,0,0,0
03-Feb-23,0,0,0,298,20,0,0,240,38,20,0,10,15,15,0,0,0,215,0,215,0,187,28,0,0,159,0,0,0,150,34,5,,108,3,150,0,150,150,0,10,0,65,75,0,0,0,15,15,0,0,0
04-Feb-23,0,0,0,58,20,0,0,0,38,20,0,10,15,15,0,0,0,80,0,80,0,187,28,0,0,159,0,0,0,150,34,5,0,108,3,80,0,80,65,0,0,0,65,0,0,0,0,15,15,0,0,0
05-Feb-23,0,0,0,58,20,0,0,0,38,20,0,10,15,15,0,0,0,0,0,0,0,187,28,0,0,159,0,0,0,150,34,5,0,108,3,0,0,0,141,0,46,0,65,30,55,0,55,15,15,0,0,0
06-Feb-23,0,0,0,58,20,0,0,0,38,20,0,10,15,15,0,0,0,0,0,0,0,187,28,0,0,159,0,0,0,162,47,5,0,108,2,0,0,0,141,0,46,0,65,30,55,0,55,15,15,0,0,0
07-Feb-23,0,0,0,58,20,0,0,0,38,20,0,10,15,15,0,0,0,0,0,0,0,187,28,0,0,159,0,0,0,150,34,5,0,108,3,0,0,0,141,0,46,0,65,30,55,0,55,15,15,0,0,0
08-Feb-23,0,0,0,58,20,0,0,0,38,20,0,10,15,15,0,0,0,0,0,0,0,187,28,0,0,159,0,0,0,150,34,5,0,108,3,0,0,0,141,0,46,0,65,30,55,0,55,15,15,0,0,0
09-Feb-23,0,0,0,58,20,0,0,0,38,20,0,10,15,15,0,0,0,0,0,0,0,187,28,0,0,159,0,0,0,150,35,5,0,107,3,0,0,0,141,0,46,0,65,30,55,0,55,15,15,0,0,0
10-Feb-23,0,0,0,58,20,0,0,0,38,20,0,10,15,15,0,0,0,0,0,0,0,187,28,0,0,159,0,0,0,150,34,5,0,108,3,0,0,0,141,0,46,0,65,30,55,0,55,15,15,0,0,0
11-Feb-23,0,0,0,58,20,0,0,0,38,20,0,10,15,15,0,0,0,0,0,0,0,187,28,0,0,159,0,0,0,139,26,2,0,108,3,0,0,0,141,0,46,0,65,30,55,0,55,15,15,0,0,0
12-Feb-23,0,0,0,58,20,0,0,0,38,20,0,10,15,15,0,0,0,0,0,0,0,187,28,0,0,159,0,0,0,150,37,2,0,108,3,0,0,0,141,0,46,0,65,30,55,0,55,15,15,0,0,0
13-Feb-23,0,0,0,58,20,0,0,0,38,20,0,10,15,15,0,0,0,0,0,0,0,187,28,0,0,159,0,0,0,150,37,2,0,108,3,0,0,0,141,0,46,0,65,30,55,0,55,55,15,0,40,0
14-Feb-23,0,0,0,58,20,0,0,0,38,20,0,10,15,15,0,0,0,0,0,0,0,187,28,0,0,159,0,0,0,150,37,2,0,108,3,0,0,0,141,0,46,0,65,30,55,0,55,55,15,0,40,0
15-Feb-23,0,0,0,58,20,0,0,0,38,20,0,10,15,15,0,0,0,0,0,0,0,187,28,0,0,159,0,0,0,81,60,2,0,16,3,0,0,0,141,0,46,0,65,30,50,0,50,50,15,0,35,0
16-Feb-23,0,0,0,58,20,0,0,0,38,20,0,10,15,15,0,0,0,0,0,0,0,187,28,0,0,159,0,0,0,150,41,2,0,104,3,0,0,0,141,0,46,0,65,30,25,0,25,25,15,0,10,0
17-Feb-23,0,0,0,58,20,0,0,0,38,20,0,10,15,15,0,0,0,0,0,0,0,187,28,0,0,159,0,0,0,150,38,2,,106,4,0,0,0,141,0,46,0,65,30,25,0,25,25,15,0,10,0
18-Feb-23,0,0,0,58,20,0,0,0,38,20,0,10,15,15,0,0,0,0,0,0,0,187,28,0,0,159,0,0,0,150,35,2,0,108,5,0,0,0,141,0,46,0,65,30,25,0,25,25,15,0,10,0
19-Feb-23,0,0,0,58,20,0,0,0,38,20,0,10,15,15,0,0,0,0,0,0,0,187,28,0,0,159,0,0,0,150,36,2,0,108,4,0,0,0,141,46,0,0,65,30,25,0,25,25,15,0,10,0
20-Feb-23,0,0,0,58,20,0,0,0,38,20,0,10,15,15,0,0,0,0,0,0,0,187,28,0,0,159,0,0,0,174,63,2,0,106,3,0,0,0,141,0,46,0,65,30,20,0,20,20,10,0,10,0
21-Feb-23,0,0,0,58,20,0,0,0,38,20,0,10,15,15,0,0,0,0,0,0,0,187,28,0,0,159,0,0,0,185,71,2,0,108,4,0,0,0,141,0,47,0,64,30,20,0,20,20,10,0,10,0
22-Feb-23,0,0,0,58,20,0,0,0,38,20,0,10,15,15,0,0,0,0,0,0,0,187,28,0,0,159,0,0,0,174,63,2,0,108,1,0,0,0,141,0,50,0,61,30,20,0,20,20,10,0,10,0
23-Feb-23,0,0,0,58,20,0,0,0,38,20,0,10,15,15,0,0,0,0,0,0,0,187,28,0,0,159,0,0,0,162,54,2,0,106,0,0,0,0,141,0,46,0,65,30,20,0,20,20,10,0,10,0
24-Feb-23,0,0,0,58,20,0,0,0,38,20,0,10,15,15,0,0,0,0,0,0,0,187,28,0,0,159,0,0,0,185,74,2,0,107,2,0,0,0,141,0,46,0,65,30,20,0,20,20,10,0,10,0
25-Feb-23,0,0,0,58,20,0,0,0,38,20,,10,15,15,0,0,0,0,0,0,0,187,28,0,0,159,0,0,0,150,38,2,0,108,2,0,0,0,141,0,47,0,64,30,15,0,15,15,15,0,0,0
26-Feb-23,0,0,0,58,20,0,0,0,38,20,0,10,15,15,0,0,0,0,0,0,0,187,28,0,0,159,0,0,0,185,72,2,0,108,3,0,0,0,141,0,47,0,64,30,15,0,15,15,15,0,0,0
27-Feb-23,0,0,0,58,20,0,0,0,38,20,0,10,15,15,0,0,0,0,0,0,0,187,28,0,0,159,0,0,0,185,72,2,0,108,3,0,0,0,141,0,46,0,65,30,15,0,15,15,15,0,0,0
28-Feb-23,0,0,0,58,20,0,0,0,38,20,0,10,15,15,0,0,0,0,0,0,0,187,28,0,0,159,0,0,0,185,72,2,0,108,3,0,0,0,141,0,76,0,65,0,15,0,15,15,15,0,0,0
01-Mar-23,0,0,0,73,35,0,0,0,38,20,0,10,15,15,0,0,0,0,0,0,0,187,28,0,0,159,0,0,0,162,49,2,0,108,3,0,0,0,65,0,0,0,65,0,15,0,15,15,15,0,0,0
02-Mar-23,0,0,0,73,35,0,0,0,38,20,0,10,20,20,0,0,0,0,0,0,0,202,43,0,0,159,0,0,0,185,72,2,0,108,3,0,0,0,65,0,0,0,65,0,15,0,15,15,15,0,0,0
03-Mar-23,0,0,0,73,35,0,0,0,38,20,0,10,20,20,0,0,0,0,0,0,0,202,43,0,0,159,0,0,0,185,72,2,0,108,3,0,0,0,65,0,0,0,65,0,15,0,15,15,15,0,0,0
04-Mar-23,0,0,0,73,35,0,0,0,38,20,0,10,20,20,0,0,0,0,0,0,0,202,43,0,0,159,0,0,0,185,72,2,0,108,3,0,0,0,65,0,0,0,65,0,15,0,15,15,15,0,0,0
05-Mar-23,0,0,0,73,35,0,0,0,38,20,0,10,20,20,0,0,0,0,0,0,0,202,43,0,0,159,0,0,0,174,61,2,0,108,3,0,0,0,65,0,0,0,65,0,15,0,15,15,15,0,0,0
06-Mar-23,0,0,0,73,35,0,0,0,38,20,0,10,20,20,0,0,0,0,0,0,0,202,43,0,0,159,0,0,0,185,73,2,0,107,3,0,0,0,65,0,0,0,65,0,15,0,15,15,15,0,0,0
07-Mar-23,0,0,0,223,35,0,0,150,38,20,0,10,20,20,0,0,0,0,0,0,0,202,43,0,0,159,93,0,93,185,72,2,0,108,3,0,0,0,65,0,0,0,65,0,15,0,15,15,15,0,0,0
08-Mar-23,0,0,0,223,35,0,0,150,38,20,0,10,20,20,0,0,0,0,0,0,0,202,43,0,0,159,130,0,130,159,72,2,0,82,3,0,0,0,65,0,0,0,65,0,15,0,15,15,15,0,0,0
09-Mar-23,0,0,0,223,35,0,0,150,38,20,0,10,20,20,0,0,0,0,0,0,0,202,43,0,0,159,130,0,130,183,72,2,0,106,3,0,0,0,65,0,0,0,65,0,15,0,15,15,15,0,0,0
10-Mar-23,0,0,0,323,35,0,0,250,38,20,0,10,20,20,0,0,0,0,0,0,0,202,43,0,0,159,185,0,185,186,72,2,0,108,4,0,0,0,65,65,0,0,0,0,15,0,15,15,15,0,0,0
11-Mar-23,0,0,0,323,35,0,0,250,38,20,0,10,20,20,0,0,0,0,0,0,0,202,43,0,0,159,221,0,221,186,72,2,0,108,4,0,0,0,65,0,0,0,65,0,15,0,15,15,15,0,0,0
12-Mar-23,0,0,0,323,35,0,0,250,38,20,0,10,20,20,0,0,0,0,0,0,0,202,43,0,0,159,225,0,225,167,54,2,0,108,3,0,0,0,65,0,0,0,65,0,15,0,15,15,15,0,0,0
13-Mar-23,0,0,0,323,35,0,0,250,38,20,0,10,20,20,0,0,0,0,0,0,0,202,43,0,0,159,225,0,225,167,54,2,0,108,3,0,0,0,65,0,0,0,65,0,15,0,15,15,15,0,0,0
14-Mar-23,0,0,0,323,35,0,0,250,38,20,0,10,20,20,0,0,0,0,0,0,0,202,43,0,0,159,225,0,225,167,54,2,0,108,3,0,0,0,65,0,0,0,65,0,15,0,15,15,15,0,0,0
15-Mar-23,0,0,0,323,35,0,0,250,38,20,0,10,20,20,0,0,0,0,0,0,0,202,43,0,0,159,225,0,225,167,54,2,0,108,3,0,0,0,65,0,0,0,65,0,15,0,15,15,15,0,0,0
16-Mar-23,0,0,0,323,35,0,0,250,38,20,0,10,20,20,0,0,0,0,0,0,0,202,43,0,0,159,226,0,226,168,54,2,0,108,4,0,0,0,65,0,0,0,65,0,15,0,15,15,15,0,0,0
17-Mar-23,0,0,0,323,35,0,0,250,38,20,0,10,20,20,0,0,0,0,0,0,0,202,43,0,0,159,225,0,225,164,54,2,,106,2,0,0,0,65,0,0,0,65,0,15,0,15,15,15,0,0,0
18-Mar-23,0,0,0,323,35,0,0,250,38,20,0,10,20,20,0,0,0,0,0,0,0,202,43,0,0,159,259,34,225,166,54,2,0,108,2,0,0,0,65,0,0,0,65,0,15,0,15,15,15,0,0,0
19-Mar-23,0,0,0,323,35,0,0,250,38,20,0,10,20,20,0,0,0,0,0,0,0,202,43,0,0,159,562,337,225,168,54,2,,108,4,0,0,0,65,0,0,0,65,0,15,0,15,15,15,0,0,0
20-Mar-23,0,0,0,323,35,0,0,250,38,20,0,10,20,20,0,0,0,0,0,0,0,202,43,0,0,159,225,0,225,167,56,2,0,106,3,0,0,0,65,0,0,0,65,0,21,6,15,21,15,0,6,0
21-Mar-23,0,0,0,323,35,0,0,250,38,20,0,10,20,20,0,0,0,202,202,0,0,202,43,0,0,159,330,105,225,168,56,2,0,108,2,0,0,0,65,0,0,0,65,0,21,6,15,21,15,0,6,0
22-Mar-23,0,0,0,298,35,0,0,250,13,20,0,10,20,20,0,0,0,140,140,0,0,202,43,0,0,159,237,12,225,168,56,2,0,108,2,0,0,0,65,0,0,0,65,0,15,0,15,15,15,0,0,0
23-Mar-23,0,0,0,298,35,0,0,250,13,10,0,10,20,20,0,0,0,110,110,0,0,202,43,0,0,159,237,12,225,168,55,2,0,108,3,0,0,0,65,0,0,0,65,0,15,0,15,15,15,0,0,0
24-Mar-23,0,0,0,298,35,0,0,250,13,10,0,10,20,20,0,0,0,202,202,0,0,202,43,0,0,159,340,115,225,166,55,2,0,106,3,0,0,0,65,0,0,0,65,0,10,10,0,10,10,0,0,0
25-Mar-23,0,0,0,298,35,0,0,250,13,10,0,10,20,20,0,0,0,140,140,0,0,202,43,0,0,159,260,35,225,167,55,2,0,108,2,0,0,0,64,0,0,0,64,0,10,10,0,10,10,0,0,0
26-Mar-23,0,0,0,298,35,0,0,250,13,10,0,10,20,20,0,0,0,110,110,0,0,202,43,0,0,159,260,35,225,163,55,2,0,105,1,0,0,0,64,0,0,0,64,0,10,10,0,10,10,0,0,0
27-Mar-23,0,0,0,298,35,0,0,250,13,10,0,10,20,20,0,0,0,0,0,0,0,202,43,0,0,159,260,35,225,167,55,2,0,108,2,0,0,0,64,0,0,0,64,0,10,10,0,10,10,0,0,0
28-Mar-23,0,0,0,298,35,0,0,250,13,10,0,10,20,20,0,0,0,0,0,0,0,202,43,0,0,159,260,35,225,167,55,2,0,108,2,0,0,0,64,0,0,0,64,0,10,10,0,10,10,0,0,0
29-Mar-23,0,0,0,298,35,0,0,250,13,10,0,10,20,20,0,0,0,0,0,0,0,202,43,0,0,159,260,35,225,167,55,2,0,108,2,0,0,0,64,0,0,0,64,0,10,10,0,10,10,0,0,0
30-Mar-23,0,0,0,298,35,0,0,250,13,10,0,10,20,20,0,0,0,0,0,0,0,202,43,0,0,159,225,0,225,167,56,2,0,108,1,0,0,0,64,0,0,0,64,0,10,10,0,10,10,0,0,0
31-Mar-23,0,0,0,298,35,0,0,250,13,10,0,10,20,20,0,0,0,0,0,0,0,202,43,0,0,159,225,0,225,167,56,2,0,108,1,0,0,0,64,0,0,0,64,0,10,10,0,10,10,0,0,0
01-Apr-23,0,0,0,298,35,0,0,250,13,10,0,10,20,20,0,0,0,0,0,0,0,202,43,0,0,159,225,0,225,167,54,2,0,108,3,0,0,0,63,0,0,0,63,0,10,10,0,10,10,0,0,0
02-Apr-23,0,0,0,298,35,0,0,250,13,10,0,10,20,20,0,0,0,0,0,0,0,202,43,0,0,159,225,0,225,167,53,2,0,108,4,0,0,0,63,0,0,0,63,0,10,10,0,10,10,0,0,0
03-Apr-23,0,0,0,298,35,0,0,250,13,10,0,10,20,20,0,0,0,0,0,0,0,202,43,0,0,159,225,0,225,167,56,2,0,108,1,0,0,0,63,0,0,0,63,0,10,10,0,10,10,0,0,0
04-Apr-23,0,0,0,298,35,0,0,250,13,10,0,10,20,20,0,0,0,0,0,0,0,202,43,0,0,159,225,0,225,167,54,2,0,108,3,0,0,0,63,0,0,0,63,0,0,0,0,15,15,0,0,0
05-Apr-23,0,0,0,298,35,0,0,250,13,10,0,10,20,20,0,0,0,225,0,225,0,202,43,0,0,159,108,0,108,167,57,2,0,105,3,0,0,0,63,0,0,0,63,0,0,0,0,15,15,0,0,0
06-Apr-23,0,0,0,298,35,0,0,250,13,10,0,10,20,20,0,0,0,225,0,225,0,202,43,0,0,159,0,0,0,167,57,3,0,106,1,0,0,0,62,0,0,0,62,0,0,0,0,15,15,0,0,0
07-Apr-23,0,0,0,298,35,0,0,250,13,10,0,10,20,20,0,0,0,225,0,225,0,202,43,0,0,159,0,0,0,220,106,3,0,108,3,0,0,0,62,0,0,0,62,0,0,0,0,15,15,0,0,0
08-Apr-23,0,0,0,298,35,0,0,250,13,10,0,10,20,20,0,0,0,225,0,225,0,202,43,0,0,159,0,0,0,185,71,3,0,108,3,0,0,0,62,0,0,0,62,0,0,0,0,15,15,0,0,0
09-Apr-23,0,0,0,298,35,0,0,250,13,10,0,10,20,20,0,0,0,225,0,225,0,202,43,0,0,159,0,0,0,185,72,3,0,108,2,0,0,0,62,0,0,0,62,0,0,0,0,15,15,0,0,0
10-Apr-23,0,0,0,298,35,0,0,250,13,10,0,10,20,20,0,0,0,225,0,225,0,202,43,0,0,159,0,0,0,174,60,3,0,108,3,0,0,0,62,0,0,0,62,0,0,0,0,15,15,0,0,0
11-Apr-23,0,0,0,298,35,0,0,250,13,10,0,10,20,20,0,0,0,225,0,225,0,202,43,0,0,159,0,0,0,162,48,3,0,108,3,0,0,0,62,0,0,0,62,0,0,0,0,15,15,0,0,0
12-Apr-23,0,0,0,298,35,0,0,250,13,10,0,10,20,20,0,0,0,225,0,225,0,202,43,0,0,159,0,0,0,197,90,3,0,102,2,0,0,0,62,0,0,0,62,0,0,0,0,15,15,0,0,0
13-Apr-23,0,0,0,298,35,0,0,250,13,10,0,10,20,20,0,0,0,225,0,225,0,202,43,0,0,159,0,0,0,208,98,1,0,107,2,0,0,0,62,0,0,0,62,0,0,0,0,15,15,0,0,0
14-Apr-23,0,0,0,298,35,0,0,250,13,10,0,10,20,20,0,0,0,225,0,225,0,202,43,0,0,159,0,0,0,185,70,5,0,106,4,0,0,0,62,0,0,0,62,0,0,0,0,15,15,0,0,0
15-Apr-23,0,0,0,298,35,0,0,250,13,10,0,10,20,20,0,0,0,225,0,225,0,202,43,0,0,159,0,0,0,208,92,5,0,108,3,0,0,0,62,0,0,0,62,0,0,0,0,15,15,0,0,0
16-Apr-23,0,0,0,298,35,0,0,250,13,10,0,10,20,20,0,0,0,225,0,225,0,202,43,0,0,159,0,0,0,185,71,5,0,106,3,0,0,0,62,0,0,0,62,0,0,0,0,15,15,0,0,0
17-Apr-23,0,0,0,298,35,0,0,250,13,10,0,10,20,20,0,0,0,225,0,225,0,202,43,0,0,159,0,0,0,185,69,5,0,108,3,0,0,0,62,0,0,0,62,0,0,0,0,15,15,0,0,0
18-Apr-23,0,0,0,298,35,0,0,250,13,10,0,10,20,20,0,0,0,225,0,225,0,202,43,0,0,159,0,0,0,208,92,5,0,108,3,0,0,0,62,0,0,0,62,0,0,0,0,15,15,0,0,0
19-Apr-23,0,0,0,298,35,0,0,250,13,10,0,10,20,20,0,0,0,225,0,225,0,202,43,0,0,159,0,0,0,208,92,5,0,108,3,0,0,0,62,0,0,0,62,0,0,0,0,15,15,0,0,0
20-Apr-23,0,0,0,298,35,0,0,250,13,10,0,10,20,20,0,0,0,225,0,225,0,202,43,0,0,159,0,0,0,208,91,5,0,108,4,0,0,0,62,0,0,0,62,0,0,0,0,15,15,0,0,0
21-Apr-23,0,0,0,298,35,0,0,250,13,0,0,0,20,20,0,0,0,225,0,225,0,202,43,0,0,159,0,0,0,162,45,5,,108,4,0,0,0,62,0,0,0,62,0,0,0,0,15,15,0,0,0
22-Apr-23,0,0,0,298,35,0,0,250,13,0,0,0,20,20,0,0,0,225,0,225,0,202,43,0,0,159,0,0,0,174,57,5,0,108,4,0,0,0,62,0,0,0,62,0,0,0,0,15,15,0,0,0
23-Apr-23,0,0,0,298,35,0,0,250,13,0,0,0,20,20,0,0,0,225,0,225,0,202,43,0,0,159,173,173,0,173,57,5,0,108,3,0,0,0,62,0,0,0,62,0,0,0,0,15,15,0,0,0
24-Apr-23,0,0,0,298,35,0,0,250,13,0,0,0,20,20,0,0,0,225,0,225,0,202,43,0,0,159,55,55,0,171,57,5,0,108,1,0,0,0,62,0,0,0,62,0,15,15,0,15,15,0,0,0
25-Apr-23,0,0,0,298,13,0,0,250,35,0,0,0,20,20,0,0,0,225,0,225,0,202,43,0,0,159,22,22,0,172,57,5,0,107,3,0,0,0,62,0,0,0,62,0,15,15,0,15,15,0,0,0
26-Apr-23,0,0,0,298,35,0,0,250,13,0,0,0,20,20,0,0,0,225,0,225,0,202,43,0,0,159,22,22,0,172,56,5,0,108,3,0,0,0,62,0,0,0,62,0,0,0,0,15,15,0,0,0
27-Apr-23,0,0,0,298,35,0,0,250,13,0,0,0,20,20,0,0,0,225,0,225,0,202,43,0,0,159,22,22,0,172,55,5,0,108,4,0,0,0,62,0,0,0,62,0,0,0,0,15,15,0,0,0
28-Apr-23,0,0,0,298,35,0,0,250,13,0,0,0,20,20,0,0,0,225,0,225,0,202,43,0,0,159,0,0,0,174,57,5,0,108,4,0,0,0,62,0,0,0,62,0,0,0,0,15,15,0,0,0
29-Apr-23,0,0,0,298,35,0,0,250,13,0,0,0,20,20,0,0,0,225,0,225,0,202,43,0,0,159,0,0,0,174,60,5,0,105,4,0,0,0,61,0,0,0,61,0,0,0,0,10,10,0,0,0
30-Apr-23,0,0,0,298,35,0,0,250,13,0,0,0,20,20,0,0,0,225,0,225,0,202,43,0,0,159,0,0,0,174,58,5,0,107,4,0,0,0,61,0,0,0,61,0,0,0,0,10,10,0,0,0
01-May-23,0,0,0,298,35,0,0,250,13,0,0,0,20,20,0,0,0,225,0,225,0,202,43,0,0,159,0,0,0,185,70,5,0,108,2,0,0,0,61,0,0,0,61,0,0,0,0,10,10,0,0,0
02-May-23,0,0,0,298,35,0,0,250,13,0,0,0,20,20,0,0,0,248,23,225,0,202,43,0,0,159,103,103,0,184,70,5,0,108,1,0,0,0,61,0,0,0,61,0,20,20,0,10,10,0,0,0
03-May-23,0,0,0,298,35,0,0,250,13,0,0,0,20,20,0,0,0,248,23,225,0,202,43,0,0,159,35,35,0,185,70,5,0,108,2,0,0,0,59,0,0,0,59,0,10,10,0,10,10,0,0,0
04-May-23,0,0,0,298,35,0,0,250,13,0,0,0,20,20,0,0,0,248,23,225,0,202,43,0,0,159,11,11,0,185,70,5,0,108,2,0,0,0,61,0,0,0,61,0,0,0,0,10,10,0,0,0
05-May-23,50,0,50,298,35,0,0,250,13,0,0,0,20,20,0,0,0,248,23,225,0,202,43,0,0,159,0,0,0,174,57,5,0,108,4,0,0,0,59,0,0,0,59,0,0,0,0,10,10,0,0,0
06-May-23,170,0,170,298,35,0,0,250,13,0,0,0,20,20,0,0,0,248,23,225,0,202,43,0,0,159,113,113,0,171,57,5,0,106,3,0,0,0,61,0,0,0,61,0,0,0,0,10,10,0,0,0
07-May-23,290,0,290,188,35,0,0,140,13,0,0,0,20,20,0,0,0,150,0,150,0,202,43,0,0,159,0,0,0,197,81,5,0,108,3,0,0,0,61,0,0,0,61,0,0,0,0,10,10,0,0,0
08-May-23,330,0,330,298,35,0,0,250,13,0,0,0,20,20,0,0,0,200,0,200,0,202,43,0,0,159,0,0,0,174,58,5,0,108,3,0,0,0,61,0,0,0,61,0,0,0,0,10,10,0,0,0
09-May-23,310,0,310,298,35,0,0,250,13,0,0,0,20,20,0,0,0,225,0,225,0,202,43,0,0,159,0,0,0,139,34,5,0,96,4,0,0,0,60,0,0,0,60,0,0,0,0,10,10,0,0,0
10-May-23,310,0,310,298,35,0,0,250,13,0,0,0,20,20,0,0,0,225,0,225,0,202,43,0,0,159,0,0,0,174,58,5,0,108,3,0,0,0,61,0,0,0,61,0,0,0,0,10,10,0,0,0
11-May-23,300,0,300,298,35,0,0,250,13,0,0,0,20,20,0,0,0,225,0,225,0,202,43,0,0,159,0,0,0,139,23,5,0,108,3,0,0,0,61,0,0,0,61,0,0,0,0,10,10,0,0,0
12-May-23,295,0,295,298,35,0,0,250,13,0,0,0,20,20,0,0,0,225,0,225,0,202,43,0,0,159,0,0,0,150,34,5,0,108,3,0,0,0,60,0,0,0,60,0,0,0,0,10,10,0,0,0
13-May-23,195,0,195,298,35,0,0,250,13,0,0,0,20,20,0,0,0,225,0,225,0,202,43,0,0,159,0,0,0,162,46,5,0,108,3,0,0,0,60,0,0,0,60,0,0,0,0,10,10,0,0,0
14-May-23,175,0,175,168,35,0,0,120,13,0,0,0,20,20,0,0,0,115,0,115,0,202,43,0,0,159,0,0,0,139,22,5,0,108,4,0,0,0,59,0,0,0,59,0,0,0,0,10,10,0,0,0
15-May-23,215,0,215,48,35,0,0,0,13,0,0,0,20,20,0,0,0,0,0,0,0,202,43,0,0,159,0,0,0,174,59,5,0,108,2,0,0,0,59,0,0,0,59,0,0,0,0,10,10,0,0,0
16-May-23,235,0,235,48,35,0,0,0,13,0,0,0,20,20,0,0,0,0,0,0,0,202,43,0,0,159,0,0,0,162,46,5,0,107,4,0,0,0,58,0,0,0,58,0,0,0,0,10,10,0,0,0
17-May-23,115,0,115,48,35,0,0,0,13,0,0,0,20,20,0,0,0,0,0,0,0,202,43,0,0,159,0,0,0,174,60,5,0,108,1,0,0,0,58,0,0,0,58,0,0,0,0,10,10,0,0,0
18-May-23,25,0,25,48,35,0,0,0,13,0,0,0,20,20,0,0,0,0,0,0,0,202,43,0,0,159,0,0,0,174,58,5,0,108,3,0,0,0,58,0,0,0,58,0,0,0,0,10,10,0,0,0
19-May-23,40,0,40,48,35,0,0,0,13,0,0,0,20,20,0,0,0,0,0,0,0,202,43,0,0,159,0,0,0,139,23,5,0,108,3,0,0,0,58,0,0,0,58,0,0,0,0,10,10,0,0,0
20-May-23,180,0,180,48,35,0,0,0,13,0,0,0,20,20,0,0,0,0,0,0,0,202,43,0,0,159,0,0,0,197,80,5,0,108,4,0,0,0,58,0,0,0,58,0,0,0,0,10,10,0,0,0
21-May-23,155,0,155,48,35,0,0,0,13,0,0,0,20,20,0,0,0,0,0,0,0,202,43,0,0,159,0,0,0,139,24,5,0,108,2,0,0,0,58,0,0,0,58,0,0,0,0,10,10,0,0,0
22-May-23,85,0,85,48,35,0,0,0,13,0,0,0,20,20,0,0,0,0,0,0,0,202,43,0,0,159,0,0,0,139,24,5,0,107,3,0,0,0,57,0,0,0,57,0,0,0,0,10,10,0,0,0
23-May-23,155,0,155,48,35,0,0,0,13,0,0,0,20,20,0,0,0,0,0,0,0,202,43,0,0,159,0,0,0,139,23,5,0,108,3,0,0,0,57,0,0,0,57,0,0,0,0,10,10,0,0,0
24-May-23,165,0,165,48,35,0,0,0,13,0,0,0,20,20,0,0,0,0,0,0,0,202,43,0,0,159,0,0,0,185,69,5,0,108,3,0,0,0,57,0,0,0,57,0,0,0,0,10,10,0,0,0
25-May-23,155,0,155,48,35,0,0,0,13,0,0,0,20,20,0,0,0,0,0,0,0,202,43,0,0,159,0,0,0,162,47,5,0,108,2,0,0,0,57,0,0,0,57,0,0,0,0,10,10,0,0,0
26-May-23,140,0,140,48,35,0,0,0,13,0,0,0,20,20,0,0,0,0,0,0,0,202,43,0,0,159,162,162,0,162,46,5,0,108,3,0,0,0,56,0,0,0,56,0,0,0,0,10,10,0,0,0
27-May-23,130,0,130,48,35,0,0,0,13,0,0,0,20,20,0,0,0,0,0,0,0,202,43,0,0,159,0,0,0,162,47,5,0,108,2,0,0,0,56,0,0,0,56,0,0,0,0,10,10,0,0,0
28-May-23,125,0,125,48,35,0,0,0,13,0,0,0,20,20,0,0,0,0,0,0,0,202,43,0,0,159,0,0,0,174,59,5,,108,2,0,0,0,56,0,0,0,56,0,0,0,0,10,10,0,0,0
29-May-23,110,0,110,48,35,0,0,0,13,0,0,0,20,20,0,0,0,0,0,0,0,202,43,0,0,159,0,0,0,127,63,5,0,58,1,0,0,0,40,0,0,0,40,0,0,0,0,10,10,0,0,0
30-May-23,135,0,135,48,35,0,0,0,13,0,0,0,20,20,0,0,0,0,0,0,0,202,43,0,0,159,0,0,0,162,46,5,0,107,4,0,0,0,56,0,0,0,56,0,0,0,0,10,10,0,0,0
31-May-23,185,0,185,48,35,0,0,0,13,0,0,0,20,20,0,0,0,0,0,0,0,202,43,0,0,159,47,47,0,162,50,5,0,105,2,0,0,0,55,0,0,0,55,0,0,0,0,10,10,0,0,0
01-Jun-23,295,0,295,39,26,0,0,0,13,0,0,0,20,20,0,0,0,0,0,0,0,202,43,0,0,159,35,35,0,162,48,5,0,107,2,0,0,0,55,0,0,0,55,0,0,0,0,10,10,0,0,0
02-Jun-23,350,0,350,39,26,0,0,0,13,0,0,0,20,20,0,0,0,0,0,0,0,202,43,0,0,159,0,0,0,185,69,5,0,108,3,0,0,0,55,0,0,0,55,0,0,0,0,10,10,0,0,0
03-Jun-23,355,0,355,39,26,0,0,0,13,0,0,0,20,20,0,0,0,0,0,0,0,202,43,0,0,159,0,0,0,197,82,5,0,107,3,0,0,0,54,0,0,0,54,0,0,0,0,10,10,0,0,0
04-Jun-23,345,0,345,39,26,0,0,0,13,0,0,0,20,20,0,0,0,0,0,0,0,202,43,0,0,159,0,0,0,150,35,5,0,107,3,0,0,0,54,0,0,0,54,0,0,0,0,10,10,0,0,0
05-Jun-23,265,0,265,39,26,0,0,0,13,0,0,0,20,20,0,0,0,0,0,0,0,202,43,0,0,159,0,0,0,220,99,10,0,108,3,0,0,0,54,0,0,0,54,0,0,0,0,10,10,0,0,0
06-Jun-23,285,0,285,289,26,0,0,250,13,0,0,0,220,20,0,0,200,200,0,0,200,202,43,0,0,159,237,157,80,179,59,10,0,108,2,0,0,0,54,0,0,0,54,0,0,0,0,20,15,,0,0
07-Jun-23,305,0,305,289,26,0,0,250,13,0,0,0,220,20,0,0,200,200,0,0,200,202,43,0,0,159,204,0,204,181,59,10,0,108,4,0,0,0,53,0,0,0,53,0,0,0,0,21,15,,0,0
08-Jun-23,295,0,295,289,26,0,0,250,13,0,0,0,220,20,0,0,200,200,0,0,200,202,43,0,0,159,225,0,225,166,46,10,0,107,3,0,0,0,53,0,0,0,53,0,0,0,0,29,15,0,0,
09-Jun-23,230,0,230,154,26,0,0,115,13,0,0,0,220,20,0,0,200,200,0,0,200,202,43,0,0,159,155,0,155,166,46,10,0,107,3,0,0,0,52,0,0,0,52,0,0,0,0,30,15,0,,0
10-Jun-23,225,0,225,216,26,0,0,177,13,0,0,0,220,20,0,0,200,200,0,0,200,202,43,0,0,159,86,0,86,167,46,10,0,108,3,0,0,0,52,0,0,0,52,0,0,0,0,20,5,,0,0
11-Jun-23,295,0,295,289,26,0,0,250,13,0,0,0,220,20,0,0,200,200,0,0,200,202,43,0,0,159,270,45,225,166,46,10,0,108,2,0,0,0,52,0,0,0,52,0,0,0,0,30,11,,0,0
12-Jun-23,295,0,295,164,26,0,0,125,13,0,0,0,220,20,0,0,200,200,0,0,200,202,43,0,0,159,272,117,155,133,46,10,0,74,3,0,0,0,51,0,0,0,51,0,0,0,0,26,5,0,0,21
13-Jun-23,275,0,275,229,26,0,0,190,13,0,0,0,220,20,0,0,200,200,0,0,200,202,43,0,0,159,108,0,108,166,46,10,0,108,2,0,0,0,50,0,0,0,50,0,0,0,0,31,10,0,0,21
14-Jun-23,225,0,225,289,26,0,0,250,13,0,0,0,220,20,0,0,200,200,0,0,200,202,43,0,0,159,270,45,225,166,46,10,0,108,2,0,0,0,49,0,0,0,49,0,0,0,0,31,10,0,0,21
15-Jun-23,95,0,95,289,26,0,0,250,13,0,0,0,220,20,0,0,200,200,0,0,200,202,43,0,0,159,271,46,225,167,46,10,0,108,3,0,0,0,45,45,0,0,0,0,0,0,0,31,10,,0,0
16-Jun-23,110,0,110,289,26,0,0,250,13,0,0,0,220,20,0,0,200,200,0,0,200,202,43,0,0,159,225,0,225,177,56,10,0,108,3,0,0,0,45,0,0,0,45,0,0,0,0,31,10,0,0,21
17-Jun-23,265,0,265,289,26,0,0,250,13,0,0,0,220,20,0,0,200,200,0,200,0,202,43,0,0,159,225,0,225,179,59,10,0,108,2,0,0,0,45,0,0,0,45,0,0,0,0,31,10,0,0,21
18-Jun-23,330,0,330,289,26,0,0,250,13,0,0,0,220,20,0,0,200,200,0,0,200,202,43,0,0,159,225,0,225,151,59,10,0,80,2,0,0,0,41,0,0,0,41,0,0,0,0,31,10,0,0,21
19-Jun-23,330,0,330,289,26,0,0,250,13,12,12,0,220,20,0,0,200,258,58,0,200,202,43,0,0,159,1146,921,225,174,59,10,0,103,2,0,0,0,39,0,0,0,39,0,0,0,0,30,10,0,0,20
20-Jun-23,640,180,460,289,26,0,0,250,13,115,115,0,220,20,0,0,200,781,581,200,0,202,43,0,0,159,1649,1424,225,179,59,10,0,108,2,0,0,0,41,0,0,0,41,0,0,0,0,31,10,0,0,21
21-Jun-23,670,140,530,289,26,0,0,250,13,36,36,0,220,20,0,0,200,328,128,0,200,202,43,0,0,159,548,323,225,178,59,10,0,107,2,0,0,0,38,0,0,0,38,0,0,0,0,31,10,0,0,21
22-Jun-23,610,70,540,292,29,0,0,250,13,12,12,0,220,20,0,0,200,258,58,0,200,202,43,0,0,159,284,59,225,180,59,10,0,108,3,0,0,0,38,0,0,0,38,0,0,0,0,31,10,0,0,21
23-Jun-23,570,30,540,292,29,0,0,250,13,0,0,0,220,20,0,0,200,226,26,0,200,202,43,0,0,159,327,102,225,177,59,7,0,108,3,0,0,0,36,0,0,0,36,0,0,0,0,31,10,,0,0
24-Jun-23,670,130,540,282,29,0,0,240,13,93,93,0,220,20,0,0,200,353,153,0,200,202,43,0,0,159,455,230,225,177,59,7,0,108,3,0,0,0,31,0,0,0,31,0,0,0,0,31,10,0,0,21
25-Jun-23,580,50,530,42,29,0,0,0,13,46,46,0,220,20,0,0,200,283,83,0,200,202,43,0,0,159,177,49,128,177,59,7,0,108,3,0,0,0,26,0,0,0,26,0,10,10,0,26,5,,0,
26-Jun-23,450,20,430,42,29,0,0,0,13,23,23,0,220,20,0,0,200,246,46,0,200,202,43,0,0,159,36,36,0,175,59,7,0,107,2,0,0,0,26,0,0,0,26,0,0,0,0,26,5,0,0,
27-Jun-23,380,0,380,42,29,0,0,0,13,0,0,0,220,20,0,0,200,223,23,0,200,202,43,0,0,159,28,28,0,167,47,9,0,108,3,390,0,390,32,0,0,0,32,0,0,0,0,25,5,0,0,
28-Jun-23,450,0,450,48,35,0,0,0,13,0,0,0,220,20,0,0,200,200,0,0,200,202,43,0,0,159,28,28,0,178,60,7,0,108,3,334,0,334,39,0,0,0,39,0,0,0,0,26,5,0,0,
29-Jun-23,540,0,540,48,35,0,0,0,13,0,0,0,220,20,0,0,200,200,0,0,200,202,43,0,0,159,28,28,0,167,50,7,0,108,2,631,0,631,41,0,0,0,41,0,0,0,0,25,5,0,0,
30-Jun-23,510,0,510,48,35,0,0,0,13,0,0,0,220,20,0,0,200,200,0,0,200,202,43,0,0,159,28,28,0,167,49,7,0,108,3,817,0,817,44,0,0,0,44,0,0,0,0,25,5,0,0,
01-Jul-23,500,0,500,43,30,0,0,0,13,0,0,0,220,20,0,0,200,200,0,0,200,202,43,0,0,159,50,50,0,166,49,7,0,108,2,706,0,706,42,0,0,0,42,0,0,0,0,26,5,0,0,
02-Jul-23,470,0,470,43,30,0,0,0,13,0,0,0,220,20,0,0,200,200,0,0,200,202,43,0,0,159,27,27,0,166,49,7,0,108,2,425,0,425,45,0,0,0,45,0,0,0,0,26,5,0,0,
03-Jul-23,455,0,455,43,30,0,0,0,13,0,0,0,220,20,0,0,200,200,0,0,200,202,43,0,0,159,49,49,0,165,49,7,0,108,1,426,0,426,46,0,0,0,46,0,0,0,0,25,5,0,0,
04-Jul-23,420,0,420,43,30,0,0,0,13,0,0,0,220,20,0,0,200,200,0,0,200,202,43,0,0,159,28,28,0,167,49,7,0,108,3,426,0,426,46,0,0,0,46,0,0,0,0,25,5,0,0,
05-Jul-23,405,0,405,43,30,0,0,0,13,0,0,0,220,20,0,0,200,200,0,0,200,202,43,0,0,159,28,28,0,166,49,7,0,107,3,332,0,332,47,0,0,0,47,0,0,0,0,22,5,0,0,
06-Jul-23,390,0,390,43,30,0,0,0,13,0,0,0,220,20,0,0,200,200,0,200,0,202,43,0,0,159,0,0,0,162,44,7,0,108,3,237,0,237,47,0,0,0,47,0,0,0,0,25,5,0,0,
07-Jul-23,390,0,390,43,30,0,0,0,13,0,0,0,220,20,0,0,200,200,0,0,200,202,43,0,0,159,0,0,0,174,58,7,0,108,1,145,0,145,50,0,0,0,50,0,0,0,0,20,5,0,0,
08-Jul-23,380,0,380,43,30,0,0,0,13,0,0,0,220,20,0,0,200,200,0,0,200,202,43,0,0,159,0,0,0,162,45,7,0,108,2,145,0,145,50,0,0,0,50,0,0,0,0,5,5,0,0,
09-Jul-23,380,0,380,43,30,0,0,0,13,0,0,0,220,20,0,0,200,200,0,200,0,202,43,0,0,159,0,0,0,162,44,7,0,108,3,50,0,50,50,0,0,0,50,0,0,0,0,18,5,0,0,
10-Jul-23,360,0,360,43,30,0,0,0,13,0,0,0,220,20,200,0,0,200,0,0,200,202,43,0,0,159,161,161,0,161,44,7,0,108,2,125,0,125,32,0,0,0,32,0,0,0,0,25,5,0,0,
11-Jul-23,350,0,350,43,30,0,0,0,13,0,0,0,220,20,0,0,200,200,0,0,200,202,43,0,0,159,21,21,0,160,44,7,0,106,3,127,0,127,30,0,0,0,30,0,0,0,0,26,5,0,0,
12-Jul-23,330,0,330,43,30,0,0,0,13,0,0,0,220,20,0,0,200,200,0,0,200,202,43,0,0,159,0,0,0,162,44,7,0,108,3,323,0,323,38,0,0,0,38,0,0,0,0,25,5,0,0,
13-Jul-23,300,0,300,43,30,0,0,0,13,0,0,0,180,10,0,0,170,170,0,0,170,202,43,0,0,159,81,81,0,162,44,7,0,108,3,515,0,515,40,0,0,0,40,,0,0,0,26,5,0,0,
14-Jul-23,290,0,290,33,20,0,0,0,13,0,0,0,180,10,0,0,170,170,0,0,170,202,43,0,0,159,161,161,0,161,44,7,0,108,2,611,0,611,42,0,0,0,42,0,25,25,0,23,5,0,0,
15-Jul-23,275,0,275,33,20,0,0,0,13,0,0,0,160,10,0,0,150,150,0,0,150,202,43,0,0,159,23,23,0,162,44,7,0,108,3,518,0,518,43,0,0,0,43,0,10,10,0,25,5,0,0,
16-Jul-23,275,0,275,33,20,0,0,0,13,0,0,0,160,10,0,0,150,150,0,0,150,202,43,0,0,159,0,0,0,162,44,7,0,108,3,612,0,612,43,0,0,0,43,0,0,0,0,25,5,0,0,
17-Jul-23,300,0,300,33,20,0,0,0,13,0,0,0,160,10,0,0,150,150,0,0,150,202,43,0,0,159,0,0,0,162,45,7,0,107,3,426,0,426,46,0,0,0,46,0,0,0,0,26,5,0,0,
18-Jul-23,280,0,280,33,20,0,0,0,13,0,0,0,160,10,0,0,150,150,0,0,150,202,43,0,0,159,0,0,0,162,45,7,0,107,3,332,0,332,47,0,0,0,47,0,0,0,0,26,5,0,0,
19-Jul-23,325,0,325,33,20,0,0,0,13,0,0,0,55,5,0,0,50,50,0,0,50,202,43,0,0,159,0,0,0,197,80,7,0,108,2,237,0,237,47,0,0,0,47,0,0,0,0,19,5,0,0,
20-Jul-23,300,0,300,33,20,0,0,0,13,0,0,0,55,5,0,0,50,50,0,0,50,202,43,0,0,159,0,0,0,185,68,7,0,108,2,421,0,421,48,0,0,0,48,0,0,0,0,22,5,0,0,
21-Jul-23,260,0,260,283,20,0,0,250,13,0,0,0,25,5,0,0,20,20,0,0,20,202,43,0,0,159,139,0,139,185,68,7,0,108,2,410,0,410,37,0,0,0,37,0,0,0,0,26,5,0,0,
22-Jul-23,220,0,220,353,20,0,0,250,83,0,0,0,25,5,0,0,20,20,0,20,0,202,43,0,0,159,231,0,231,185,68,7,0,108,2,175,0,175,48,0,0,0,48,0,0,0,0,21,5,0,0,
23-Jul-23,205,0,205,353,20,0,0,250,83,45,0,0,25,5,0,0,20,20,0,0,20,202,43,0,0,159,301,70,231,185,68,7,0,108,2,174,0,174,50,0,0,0,50,0,0,0,0,15,5,0,0,
24-Jul-23,230,0,230,353,20,0,0,250,83,71,16,0,25,5,0,0,20,58,38,0,20,197,38,0,0,159,334,103,231,184,68,7,0,108,1,298,0,298,50,0,0,0,50,0,0,0,0,14,5,0,0,
25-Jul-23,230,0,230,353,20,0,0,250,83,111,56,0,25,5,0,0,20,101,81,0,20,197,38,0,0,159,509,297,212,162,45,7,0,108,2,298,0,298,50,0,0,0,50,0,20,20,0,15,5,0,0,
26-Jul-23,270,0,270,405,20,0,0,350,35,54,36,0,25,5,0,0,20,146,126,0,20,192,33,0,0,159,302,90,212,163,45,7,0,108,3,298,0,298,50,0,0,0,50,0,5,5,0,15,5,0,0,
27-Jul-23,255,0,255,430,20,0,0,350,60,63,25,0,25,5,0,0,20,110,90,0,20,192,33,0,0,159,324,27,297,162,45,7,0,108,2,298,0,298,50,0,0,0,50,0,5,5,0,13,5,0,0,
28-Jul-23,300,0,300,410,20,0,0,350,40,34,16,0,25,5,0,0,20,90,70,0,20,192,33,0,0,159,324,27,297,162,43,7,0,108,4,50,0,50,50,0,0,0,50,0,0,0,0,16,5,0,0,
29-Jul-23,290,0,290,410,20,0,0,350,40,34,16,0,25,5,0,0,20,76,56,0,20,192,33,0,0,159,324,27,297,162,43,7,0,108,4,50,0,50,50,0,0,0,50,0,0,0,0,16,5,0,0,
30-Jul-23,240,0,240,410,20,0,0,350,40,22,0,0,25,5,0,0,20,20,0,20,0,192,33,0,0,159,323,26,297,161,43,7,0,108,3,51,0,51,51,0,0,0,51,0,0,0,0,16,5,0,0,
31-Jul-23,215,0,215,410,20,0,0,350,40,22,0,0,25,5,0,0,20,20,0,0,20,192,33,0,0,159,335,38,297,161,43,7,0,108,3,175,0,175,51,0,0,0,51,0,0,0,0,15,5,0,0,
01-Aug-23,170,0,170,410,20,0,0,350,40,22,0,0,25,5,0,0,20,20,0,0,20,192,33,0,0,159,373,76,297,130,43,7,0,77,3,175,0,175,51,0,0,0,51,0,0,0,0,15,5,0,0,
02-Aug-23,150,0,150,420,30,0,0,350,40,22,0,0,25,5,0,0,20,20,0,0,20,192,33,0,0,159,355,58,297,158,43,7,0,105,3,176,0,176,52,0,0,0,52,0,0,0,0,15,5,0,0,
03-Aug-23,130,0,130,420,30,0,0,350,40,22,0,0,25,5,0,0,20,20,0,0,20,192,33,0,0,159,323,26,297,161,43,7,0,108,3,176,0,176,52,0,0,0,52,0,0,0,0,15,5,0,0,
04-Aug-23,90,0,90,420,30,0,0,350,40,22,0,0,25,5,0,0,20,20,0,0,20,192,33,0,0,159,297,0,297,161,43,7,0,108,3,175,0,175,51,0,0,0,51,0,0,0,0,15,5,0,0,
05-Aug-23,50,0,50,420,30,0,0,350,40,22,0,0,25,5,0,0,20,20,0,0,20,192,33,0,0,159,297,0,297,158,40,7,0,108,3,176,0,176,52,0,0,0,52,0,0,0,0,13,5,0,0,
06-Aug-23,30,0,30,420,30,0,0,350,40,22,0,0,25,5,0,0,20,20,0,0,20,192,33,0,0,159,297,0,297,158,40,7,0,108,3,176,0,176,52,0,0,0,52,0,0,0,0,15,5,0,0,
07-Aug-23,30,0,30,420,30,0,0,350,40,22,0,0,25,5,0,0,20,20,0,0,20,192,33,0,0,159,297,0,297,158,40,7,0,108,3,51,0,51,51,0,0,0,51,0,0,0,0,17,5,0,0,
08-Aug-23,25,0,25,420,30,0,0,350,40,22,0,0,25,5,0,0,20,20,0,0,20,192,33,0,0,159,297,0,297,158,40,8,0,108,2,52,0,52,52,0,0,0,52,0,0,0,0,16,5,0,0,
09-Aug-23,30,0,30,420,30,0,0,350,40,22,0,0,25,5,0,0,20,20,0,0,20,189,30,0,0,159,297,0,297,159,40,8,0,108,3,0,0,0,52,0,0,0,52,0,0,0,0,16,5,0,0,
10-Aug-23,45,0,45,350,30,0,0,280,40,22,0,0,25,5,0,0,20,20,0,0,20,189,30,0,0,159,297,0,297,161,40,8,0,108,5,0,0,0,52,0,0,0,52,0,0,0,0,15,5,0,0,
11-Aug-23,35,0,35,380,30,0,0,310,40,22,0,0,25,5,0,0,20,20,0,0,20,189,30,0,0,159,439,175,264,161,40,8,0,108,5,0,0,0,51,0,0,0,51,0,0,0,0,21,10,0,0,
12-Aug-23,55,0,55,420,30,0,0,350,40,22,0,0,25,5,0,0,20,20,0,0,20,189,30,0,0,159,320,23,297,158,40,8,0,108,2,0,0,0,50,0,0,0,50,0,0,0,0,18,10,0,0,
13-Aug-23,85,0,85,70,30,0,0,0,40,22,0,0,25,5,0,0,20,20,0,0,20,189,30,0,0,159,565,425,140,160,40,8,0,108,4,956,0,956,51,0,0,0,51,0,0,0,0,21,10,0,0,
14-Aug-23,200,40,160,70,30,0,0,0,40,22,0,0,25,5,0,0,20,190,170,0,20,189,30,0,0,159,622,622,0,159,40,8,0,108,3,615,0,615,51,0,0,0,51,0,0,0,0,22,10,0,0,
15-Aug-23,430,250,180,70,30,0,0,0,40,22,0,0,25,5,0,0,20,360,340,0,20,189,30,0,0,159,182,182,0,159,40,8,0,108,3,616,66,550,52,0,0,0,52,0,15,15,0,18,10,0,0,
16-Aug-23,230,80,150,70,30,0,0,0,40,48,26,0,25,5,0,0,20,247,227,0,20,189,30,0,0,159,0,0,0,162,44,8,0,107,3,334,0,334,52,0,0,0,52,0,25,25,0,11,5,0,0,
17-Aug-23,220,50,170,70,30,0,0,0,40,38,16,0,25,5,0,0,20,190,170,0,20,189,30,0,0,159,0,0,0,148,40,8,0,96,4,475,0,475,52,0,0,0,52,0,30,30,0,15,5,0,0,
18-Aug-23,225,30,195,70,30,0,0,0,40,22,0,0,25,5,0,0,20,130,110,0,20,189,30,0,0,159,91,91,0,149,40,8,0,96,5,108,0,108,108,0,0,0,53,55,25,25,0,16,5,0,0,
19-Aug-23,155,0,155,70,30,0,0,0,40,22,0,0,25,5,0,0,20,96,76,0,20,189,30,0,0,159,35,35,0,151,40,8,0,100,3,0,0,0,141,0,0,0,53,88,10,10,0,17,5,0,0,
20-Aug-23,140,0,140,70,30,0,0,0,40,22,0,0,25,5,0,0,20,110,90,0,20,189,30,0,0,159,21,21,0,160,40,8,0,108,4,0,0,0,141,0,0,0,53,88,0,0,0,16,5,0,0,
21-Aug-23,125,0,125,70,30,0,0,0,40,22,0,0,25,5,0,0,20,46,26,20,0,189,30,0,0,159,0,0,0,159,40,8,0,108,3,0,0,0,423,0,0,0,53,370,0,0,0,16,5,0,0,
22-Aug-23,125,0,125,70,30,0,0,0,40,22,0,0,25,5,0,0,20,20,0,0,20,189,30,0,0,159,0,0,0,156,40,5,0,108,3,0,0,0,141,0,0,0,53,88,0,0,0,16,5,0,0,
23-Aug-23,130,0,130,70,30,0,0,0,40,22,0,0,25,5,0,0,20,258,238,0,20,189,30,0,0,159,156,156,0,156,40,5,0,108,3,0,0,0,141,0,0,0,50,91,0,0,0,21,10,0,0,
24-Aug-23,460,320,140,70,30,0,0,0,40,48,26,0,25,5,0,0,20,130,110,0,20,189,30,0,0,159,1280,1280,0,157,40,5,0,108,4,0,0,0,141,0,0,0,53,88,25,25,0,16,5,0,0,
25-Aug-23,360,220,140,70,30,0,0,0,40,22,0,0,25,5,0,0,20,73,53,0,20,189,30,0,0,159,536,536,0,154,40,3,0,108,3,0,0,0,141,0,0,0,54,87,15,15,0,17,5,0,0,
26-Aug-23,305,160,145,70,30,0,0,0,40,22,0,0,25,5,0,0,20,56,36,0,20,189,30,0,0,159,130,130,0,153,40,2,0,108,3,0,0,0,141,0,0,0,54,87,0,0,0,20,10,0,0,
27-Aug-23,1010,845,165,70,30,0,0,0,40,71,49,0,25,5,0,0,20,166,146,20,0,189,30,0,0,159,234,234,0,153,40,2,0,108,3,0,0,0,141,0,0,0,54,87,0,0,0,19,10,0,0,
28-Aug-23,850,680,170,70,30,0,0,0,40,48,26,0,25,5,0,0,20,154,134,0,20,189,30,0,0,159,96,96,0,154,40,2,0,108,4,0,0,0,141,0,0,0,54,87,25,25,0,16,5,0,0,
29-Aug-23,660,485,175,70,30,0,0,0,40,71,49,0,25,5,0,0,20,223,203,0,20,189,30,0,0,159,37,37,0,153,40,2,0,108,3,0,0,0,141,0,0,0,54,87,15,15,0,16,5,0,0,
30-Aug-23,370,180,190,70,30,0,0,0,40,48,26,0,25,5,0,0,20,130,110,0,20,189,30,0,0,159,0,0,0,150,36,2,0,108,4,0,0,0,141,0,0,0,54,87,0,0,0,16,5,0,0,
31-Aug-23,220,40,180,70,30,0,0,0,40,48,26,0,25,5,0,0,20,189,169,20,0,189,30,0,0,159,0,0,0,150,36,2,0,108,4,0,0,0,141,0,0,0,54,87,0,0,0,15,5,0,0,
01-Sep-23,230,40,190,80,40,0,0,0,40,22,0,0,25,5,0,0,20,20,0,0,20,189,30,0,0,159,0,0,0,150,36,2,0,108,4,0,0,0,124,0,0,0,54,70,0,0,0,10,10,0,0,
02-Sep-23,190,0,190,80,40,0,0,0,40,22,0,0,25,5,0,0,20,20,0,0,20,189,30,0,0,159,0,0,0,149,36,2,0,108,3,0,0,0,124,0,0,0,53,71,0,0,0,15,10,0,0,
03-Sep-23,260,60,200,80,40,0,0,0,40,22,0,0,25,5,0,0,20,20,0,0,20,189,30,0,0,159,266,266,0,150,36,2,0,108,4,0,0,0,124,0,0,0,54,70,25,25,0,14,5,0,0,
04-Sep-23,530,270,260,80,40,0,0,0,40,22,0,0,25,5,0,0,20,96,76,0,20,189,30,0,0,159,114,114,0,149,36,2,0,108,3,0,0,0,124,0,0,0,54,70,15,15,0,15,5,0,0,
05-Sep-23,530,270,260,80,40,0,0,0,40,22,0,0,25,5,0,0,20,96,76,0,20,189,30,0,0,159,0,0,0,139,25,4,0,108,2,0,0,0,124,0,0,0,54,70,0,0,0,16,5,0,0,
06-Sep-23,390,130,260,80,40,0,0,0,40,22,0,0,25,5,0,0,20,76,56,0,20,189,30,0,0,159,0,0,0,150,36,2,0,108,4,0,0,0,124,0,0,0,54,70,0,0,0,17,5,0,0,
07-Sep-23,340,60,280,80,40,0,0,0,40,22,0,0,25,5,0,0,20,46,26,0,20,189,30,0,0,159,0,0,0,139,26,2,0,108,3,0,0,0,124,0,0,0,54,70,0,0,0,17,5,0,0,
08-Sep-23,610,320,290,80,40,0,0,0,40,48,26,0,25,5,0,0,20,536,516,20,0,189,30,0,0,159,429,429,0,140,26,2,0,108,4,0,0,0,124,0,0,0,54,70,0,0,0,22,10,0,0,
09-Sep-23,560,270,290,410,40,0,0,330,40,22,0,0,25,5,0,0,20,317,0,297,20,189,30,0,0,159,105,105,0,140,26,2,0,108,4,0,0,0,124,0,0,0,54,70,0,0,0,22,10,0,0,
10-Sep-23,460,150,310,460,40,0,0,380,40,22,0,0,25,5,0,0,20,345,0,325,20,189,30,0,0,159,19,19,0,135,26,0,0,107,2,0,0,0,124,0,0,0,54,70,0,,,21,10,0,0,
11-Sep-23,445,110,335,460,40,0,0,380,40,22,0,0,25,5,0,0,20,345,0,325,20,189,30,0,0,159,0,0,0,139,32,0,0,104,3,0,0,0,124,0,0,0,54,70,0,0,0,21,10,0,0,
12-Sep-23,375,35,340,445,40,0,0,365,40,22,0,0,25,5,0,0,20,345,0,325,20,189,30,0,0,159,0,0,0,150,43,0,0,104,3,0,0,0,124,0,0,0,54,70,0,0,0,21,10,0,0,
13-Sep-23,360,0,360,245,40,0,0,165,40,22,0,0,25,5,0,0,20,286,0,266,20,189,30,0,0,159,0,0,0,139,31,0,0,104,4,0,0,0,124,0,0,0,54,70,0,0,0,21,10,0,0,
14-Sep-23,620,260,360,245,40,0,0,165,40,22,0,0,25,5,0,0,20,316,148,148,20,189,30,0,0,159,0,0,0,138,31,0,0,104,3,0,0,0,124,0,0,0,54,70,0,0,0,21,10,0,0,
15-Sep-23,410,50,360,380,40,0,0,300,40,22,0,0,25,5,0,0,20,336,46,270,20,189,30,0,0,159,80,80,0,138,31,0,0,104,3,0,0,0,124,0,0,0,54,70,0,0,0,21,10,0,0,
16-Sep-23,540,180,360,430,40,0,0,350,40,48,26,0,25,5,0,0,20,501,166,315,20,189,30,0,0,159,22,22,0,138,31,0,0,104,3,0,0,0,124,0,0,0,54,70,20,20,0,16,5,0,0,
17-Sep-23,1250,890,360,430,40,0,0,350,40,60,38,0,25,5,0,0,20,582,247,315,20,189,30,0,0,159,484,484,0,137,31,0,0,104,2,0,0,0,124,0,0,0,54,70,50,50,0,16,5,0,0,
18-Sep-23,1120,730,390,380,40,0,0,300,40,22,0,0,25,5,0,0,20,443,153,270,20,189,30,0,0,159,312,312,0,138,31,0,0,104,3,0,0,0,124,0,0,0,54,70,10,10,0,20,10,0,0,
19-Sep-23,1030,650,380,460,40,0,0,380,40,82,60,0,35,5,0,0,30,536,166,345,25,189,30,0,0,159,80,80,0,138,31,0,0,104,3,0,0,0,124,0,0,0,54,70,40,40,0,16,5,0,0,
20-Sep-23,725,340,385,460,40,0,0,380,40,58,36,0,35,5,0,0,30,443,73,345,25,189,30,0,0,159,22,22,0,138,31,0,0,104,3,0,0,0,248,0,124,0,54,70,5,5,0,21,10,0,0,
21-Sep-23,630,250,380,460,40,0,0,380,40,58,36,0,35,5,0,0,30,432,62,345,25,189,30,0,0,159,22,22,0,138,31,0,0,104,3,0,0,0,248,0,124,0,54,70,0,0,0,21,10,0,0,
22-Sep-23,600,240,360,460,40,0,0,380,40,58,36,0,35,5,0,0,30,410,40,345,25,189,30,0,0,159,113,113,0,136,30,0,0,104,2,0,0,0,314,0,220,0,54,40,0,0,0,21,10,0,0,
23-Sep-23,560,200,360,460,40,0,0,380,40,38,16,0,35,5,0,0,30,396,26,345,25,189,30,0,0,159,23,23,0,139,31,0,0,104,4,0,0,0,284,0,200,0,54,30,0,0,0,16,5,0,0,
24-Sep-23,1100,740,360,460,40,0,0,380,40,69,47,0,35,5,0,0,30,467,97,345,25,189,30,0,0,159,278,278,0,139,31,0,0,104,4,0,0,0,284,0,200,0,54,30,25,25,0,14,5,0,0,
25-Sep-23,1520,1150,370,460,40,0,0,380,40,209,187,0,35,5,0,0,30,513,143,345,25,189,30,0,0,159,775,775,0,138,31,0,0,104,3,0,0,0,279,0,195,0,54,30,10,10,0,16,5,0,0,
26-Sep-23,2040,1660,380,1684,40,0,974,630,40,93,71,0,35,5,0,0,30,525,155,345,25,189,30,0,0,159,1284,1072,212,138,31,0,0,104,3,0,0,0,290,0,206,0,54,30,0,0,0,17,10,0,0,
27-Sep-23,2600,2210,390,1684,40,0,974,630,40,572,0,550,40,5,0,0,35,421,46,345,30,189,30,0,0,159,843,631,212,137,31,0,0,104,2,0,0,0,284,0,200,0,54,30,25,25,0,5,5,0,0,
28-Sep-23,3210,3080,130,3210,40,0,2500,630,40,652,0,630,40,5,0,0,35,778,398,345,35,189,30,0,0,159,1029,817,212,138,31,0,0,104,3,0,0,0,284,0,200,0,54,30,450,50,400,35,35,0,0,
29-Sep-23,2840,2800,40,3210,40,0,2500,630,40,537,0,515,5,5,0,0,0,490,145,345,0,189,30,0,0,159,705,493,212,138,31,0,0,104,3,0,0,0,284,0,200,0,54,30,420,0,420,45,45,0,0,
30-Sep-23,2100,2100,0,3210,40,0,2500,630,40,595,0,573,5,5,0,0,0,345,0,0,345,189,30,0,0,159,625,413,212,139,31,0,0,104,4,0,0,0,189,0,105,0,54,30,425,0,425,45,45,0,0,
01-Oct-23,1200,1200,0,1200,30,0,500,630,40,547,0,525,5,5,0,0,0,371,26,345,0,189,30,0,0,159,368,156,212,137,31,0,0,104,2,0,0,0,284,0,200,0,54,30,415,0,415,45,45,0,0,
02-Oct-23,1020,1020,0,1200,30,0,500,630,40,374,0,352,10,10,0,0,0,371,26,0,345,189,30,0,0,159,323,111,212,138,31,0,,104,3,0,0,0,284,0,210,0,54,20,395,0,395,45,45,0,0,
03-Oct-23,330,330,0,330,30,,160,100,40,287,0,265,10,10,0,0,0,120,0,0,120,189,30,0,0,159,264,179,85,137,31,0,0,104,2,0,0,0,284,54,0,0,210,20,395,0,395,45,45,0,0,
04-Oct-23,170,140,30,630,30,0,80,480,40,184,0,162,10,10,0,0,0,325,0,0,325,189,30,0,0,159,265,180,85,138,31,0,0,104,3,0,0,0,284,0,210,0,54,20,15,0,15,15,15,0,0,
05-Oct-23,140,120,20,550,30,0,80,400,40,114,0,92,10,10,0,0,0,325,0,325,0,189,30,0,0,159,230,220,10,137,31,0,0,104,2,0,0,0,475,0,391,0,54,30,0,0,0,15,15,0,0,
06-Oct-23,480,480,0,550,30,0,80,400,40,91,0,69,10,10,0,0,0,408,83,325,0,189,30,0,0,159,232,222,10,139,31,0,0,104,4,0,0,0,379,0,295,0,54,30,0,0,0,15,15,0,0,
07-Oct-23,380,380,0,550,30,,80,400,40,149,58,69,10,10,0,0,0,351,26,325,0,189,30,0,0,159,231,221,10,138,31,0,0,104,3,0,0,0,284,0,200,0,54,30,0,0,0,15,15,0,0,
08-Oct-23,300,300,0,550,30,0,80,400,40,117,26,69,10,10,0,0,0,325,0,325,0,189,30,0,0,159,393,383,10,138,31,0,0,104,3,0,0,0,284,0,201,0,53,30,0,0,0,15,15,0,0,
09-Oct-23,200,200,0,550,30,0,80,400,40,58,0,36,10,10,0,0,0,325,0,325,0,189,30,0,0,159,214,204,10,237,31,0,100,104,2,0,0,0,189,0,106,0,53,30,0,0,0,15,15,0,0,
10-Oct-23,180,180,0,550,30,0,80,400,40,22,0,0,10,10,0,0,0,325,0,325,0,189,30,0,0,159,156,146,10,237,31,0,100,104,2,0,0,0,189,0,107,0,52,30,0,0,0,15,15,0,0,
11-Oct-23,370,370,0,550,30,0,80,400,40,22,0,0,10,10,0,0,0,325,0,325,0,189,30,0,0,159,203,193,10,238,31,0,100,104,3,0,0,0,284,0,203,0,51,30,0,0,0,15,15,0,0,
12-Oct-23,210,210,0,550,30,0,80,400,40,22,0,0,10,10,0,0,0,325,0,325,0,189,159,0,0,30,215,205,10,238,31,0,100,104,3,0,0,0,284,0,203,0,51,30,0,0,0,15,15,0,0,
13-Oct-23,170,170,0,550,30,0,80,400,40,22,0,0,10,10,0,0,0,270,0,270,0,189,30,0,0,159,189,104,85,189,31,0,50,104,4,0,0,0,373,0,322,0,51,0,0,0,0,15,15,0,0,
14-Oct-23,120,120,0,545,25,0,80,400,40,22,0,0,10,10,0,0,0,270,0,270,0,189,30,0,0,159,188,103,85,188,31,0,50,104,3,0,0,0,148,0,99,0,49,0,0,0,0,15,15,0,0,
15-Oct-23,270,270,0,545,25,0,80,400,40,58,36,0,10,10,0,0,0,296,26,270,0,189,30,0,0,159,213,128,85,190,31,0,50,105,4,0,0,0,148,49,99,0,0,0,0,0,0,15,15,0,0,
16-Oct-23,170,170,0,545,25,0,80,400,40,48,26,0,10,10,0,0,0,270,0,270,0,189,30,0,0,159,188,103,85,188,31,50,0,104,3,0,0,0,148,0,106,0,42,0,0,0,0,15,15,0,0,
17-Oct-23,120,120,0,545,25,0,80,400,40,22,0,0,10,10,0,0,0,270,0,270,0,189,30,0,0,159,490,405,85,189,31,0,50,104,4,0,0,0,101,0,59,0,42,0,0,0,0,15,15,0,0,
18-Oct-23,100,100,0,545,25,0,80,400,40,22,0,0,10,10,0,0,0,270,0,270,0,189,30,0,0,159,151,66,85,186,31,0,50,104,1,810,0,810,105,0,63,0,42,0,0,0,0,15,15,0,0,
19-Oct-23,100,100,0,545,25,0,80,400,40,22,0,0,10,10,0,0,0,270,0,270,0,189,30,0,0,159,151,66,85,188,31,0,50,104,3,937,0,937,111,0,65,0,46,0,0,0,0,15,15,0,0,
20-Oct-23,100,100,0,545,25,0,80,400,40,102,0,80,10,10,0,0,0,270,0,270,0,189,30,0,0,159,154,69,85,189,31,0,50,104,4,1546,0,1546,122,0,74,0,48,0,0,0,0,15,15,0,0,
21-Oct-23,90,90,0,545,25,0,80,400,40,102,0,80,10,10,0,0,0,270,0,270,0,189,30,0,0,159,188,103,85,188,31,0,50,104,3,1179,0,1179,136,0,86,0,50,0,0,0,0,15,15,0,0,
22-Oct-23,90,90,0,545,25,0,80,400,40,102,0,80,10,10,0,0,0,270,0,270,0,189,30,0,0,159,153,68,85,188,31,0,50,104,3,420,0,420,136,0,86,0,50,0,0,0,0,15,15,0,0,
23-Oct-23,90,90,0,545,25,0,80,400,40,102,0,80,10,10,0,0,0,270,0,270,0,189,30,0,0,159,154,69,85,189,31,0,50,104,4,147,0,147,147,0,97,0,50,0,0,0,0,15,15,0,0,
24-Oct-23,90,90,0,545,25,0,80,400,40,102,0,80,10,10,0,0,0,270,0,270,0,189,30,0,0,159,163,78,85,186,31,0,50,104,1,184,0,184,184,0,134,0,50,0,0,0,0,15,15,0,0,
25-Oct-23,90,90,0,545,25,0,80,400,40,102,0,80,10,10,0,0,0,270,0,270,0,189,30,0,0,159,164,79,85,187,31,0,50,104,2,0,0,0,190,0,140,0,50,0,0,0,0,15,15,0,0,
26-Oct-23,90,90,0,545,25,0,80,400,40,102,0,80,10,10,0,0,0,270,0,270,0,189,30,0,159,0,153,68,85,188,31,0,50,104,3,0,0,0,285,0,235,0,50,0,0,0,0,15,15,0,0,
27-Oct-23,90,90,0,545,25,0,80,400,40,58,0,36,12,12,0,0,0,270,0,270,0,189,30,0,0,159,165,80,85,188,31,0,50,104,3,0,0,0,285,0,239,0,46,0,0,0,0,15,15,0,0,
28-Oct-23,90,90,0,546,26,0,80,400,40,22,0,0,12,12,0,0,0,270,0,270,0,189,30,0,0,159,157,72,85,188,31,0,50,104,3,0,0,0,190,0,140,0,50,0,0,0,0,15,15,0,0,
29-Oct-23,70,70,0,545,25,0,80,400,40,22,0,0,12,12,0,0,0,296,26,270,0,189,30,0,0,159,157,72,85,188,31,0,50,104,3,0,0,0,284,0,233,0,51,0,0,0,0,15,15,0,0,
30-Oct-23,70,70,0,545,25,0,80,400,40,22,0,0,12,12,0,0,0,296,26,270,0,189,30,0,0,159,211,126,85,188,31,0,50,104,3,0,0,0,190,0,139,0,51,0,0,0,0,15,15,0,0,
31-Oct-23,160,160,0,545,25,0,80,400,40,105,83,0,12,12,0,0,0,686,416,270,0,189,30,0,0,159,362,277,85,188,31,0,50,104,3,0,0,0,95,0,44,0,51,0,30,30,0,10,10,0,0,
01-Nov-23,180,180,0,245,25,80,0,100,40,48,26,0,12,12,0,0,0,525,435,90,0,189,30,0,0,159,188,188,0,188,31,0,50,104,3,0,0,0,190,0,139,0,51,0,0,0,0,10,10,0,0,
02-Nov-23,130,130,0,245,25,0,80,100,40,58,36,0,12,12,0,0,0,190,100,90,0,189,30,0,0,159,72,72,0,188,31,0,50,104,3,0,0,0,190,0,139,0,51,0,0,0,0,10,10,0,0,
03-Nov-23,100,100,0,245,25,0,80,100,40,68,46,0,12,12,0,0,0,235,145,90,0,189,30,0,0,159,108,108,0,189,31,50,0,104,4,142,142,0,142,0,92,0,50,0,0,0,0,10,10,0,0,
04-Nov-23,120,120,0,245,25,0,80,100,40,82,60,0,12,12,0,0,0,698,608,90,0,189,30,0,0,159,385,385,0,188,31,0,50,104,3,313,313,0,123,0,74,0,49,0,0,0,0,10,10,0,0,
05-Nov-23,90,90,0,95,25,0,30,0,40,104,82,0,12,12,0,0,0,386,386,0,0,189,30,0,0,159,153,153,0,188,31,0,50,104,3,350,198,152,66,0,17,0,49,0,10,10,0,10,10,0,0,
06-Nov-23,70,70,0,95,25,0,30,0,40,58,36,0,12,12,0,0,0,189,189,0,0,189,30,0,0,159,188,188,0,188,31,0,50,104,3,66,0,66,66,0,17,0,49,0,0,0,0,10,10,0,0,
07-Nov-23,230,230,0,68,25,0,30,0,13,92,92,0,12,12,0,0,0,142,142,0,0,189,30,0,0,159,107,107,0,188,31,0,50,104,3,0,0,0,284,0,235,0,49,0,0,0,0,10,10,0,0,
08-Nov-23,160,160,0,68,25,0,30,0,13,36,36,0,12,12,0,0,0,189,189,0,0,189,30,0,0,159,130,130,0,188,31,0,50,104,3,162,0,162,67,0,18,0,49,0,0,0,0,10,10,0,0,
09-Nov-23,140,140,0,68,25,0,30,0,13,12,12,0,12,12,0,0,0,46,46,0,0,189,30,0,0,159,198,198,0,161,31,0,25,104,1,447,0,447,67,0,18,0,49,0,0,0,0,10,10,0,0,
10-Nov-23,80,80,0,68,25,0,30,0,13,26,26,0,12,12,0,0,0,606,606,0,0,189,30,0,0,159,368,368,0,160,31,0,25,104,0,161,0,161,66,0,18,0,48,0,10,10,0,10,10,0,0,
11-Nov-23,60,60,0,68,25,0,30,0,13,12,12,0,12,12,0,0,0,189,189,0,0,189,30,0,0,159,57,57,0,161,31,0,25,104,1,446,0,446,66,18,0,0,48,0,0,0,0,10,10,0,0,
12-Nov-23,60,60,0,63,25,0,30,0,8,12,12,0,12,12,0,0,0,66,66,0,0,189,30,0,0,159,24,24,0,163,31,0,25,104,3,1016,0,1016,67,0,18,0,49,0,0,0,0,10,10,0,0,
13-Nov-23,40,40,0,68,25,0,30,0,13,12,12,0,12,12,0,0,0,36,36,0,0,189,30,0,0,159,22,22,0,161,31,0,25,104,1,1206,0,1206,68,0,18,0,50,0,0,0,0,10,10,0,0,
14-Nov-23,60,60,0,68,25,0,30,0,13,35,35,0,12,12,0,0,0,62,62,0,0,189,30,0,0,159,278,278,0,162,31,0,25,104,2,1093,305,788,50,0,0,0,50,0,0,0,0,10,10,0,0,
15-Nov-23,120,120,0,68,25,0,30,0,13,93,93,0,12,12,0,0,0,606,606,0,0,189,30,0,0,159,301,301,0,162,30,0,25,104,3,1530,248,1282,54,0,0,0,54,0,30,30,0,10,10,0,0,
16-Nov-23,120,120,0,68,25,0,30,0,13,81,81,0,12,12,0,0,0,258,258,0,0,189,30,0,0,159,189,189,0,166,30,0,25,108,3,1550,0,1550,57,0,0,0,57,0,10,10,0,10,10,0,0,
17-Nov-23,70,70,0,68,25,0,30,0,13,58,58,0,12,12,0,0,0,189,189,0,0,189,30,0,0,159,116,116,0,162,30,0,25,104,3,1210,0,1210,57,0,0,0,57,0,0,0,0,10,10,0,0,
18-Nov-23,70,70,0,68,25,0,30,0,13,36,36,0,12,12,0,0,0,70,70,0,0,189,30,0,0,159,61,61,0,119,30,0,25,61,3,902,0,902,57,0,0,0,57,0,0,0,0,10,10,0,0,
19-Nov-23,50,50,0,68,25,0,30,0,13,66,26,40,12,12,0,0,0,36,36,0,0,189,30,0,0,159,69,69,0,127,30,0,25,69,3,344,0,344,59,0,0,0,59,0,0,0,0,10,10,0,0,
20-Nov-23,40,40,0,68,25,0,30,0,13,66,26,40,12,12,0,0,0,0,0,0,0,189,30,0,0,159,123,123,0,158,30,0,25,102,1,59,0,59,59,0,0,0,59,0,10,10,0,10,10,0,0,
21-Nov-23,70,70,0,68,25,0,30,0,13,186,146,40,12,12,0,0,0,362,362,0,0,189,30,0,0,159,162,162,0,162,30,0,25,105,2,61,0,61,61,0,0,0,61,0,20,20,0,10,10,0,0,
22-Nov-23,70,70,0,68,25,0,30,0,13,66,26,40,12,12,0,0,0,189,189,0,0,189,30,0,0,159,142,142,0,164,30,0,25,4,105,0,0,0,141,0,0,0,58,83,10,10,0,10,10,0,0,
23-Nov-23,210,210,0,68,25,0,30,0,13,197,157,40,12,12,0,0,0,525,525,0,0,189,30,0,0,159,451,451,0,162,30,0,25,104,3,0,0,0,281,0,37,0,61,183,20,20,0,10,10,0,0,
24-Nov-23,150,150,0,68,25,0,30,0,13,231,191,40,12,12,0,0,0,455,455,0,0,189,30,0,0,159,198,198,0,163,30,0,25,105,3,0,0,0,281,0,37,0,61,183,10,10,0,10,10,0,0,
25-Nov-23,50,50,0,38,25,0,0,0,13,220,220,0,12,12,0,0,0,235,235,0,0,189,30,0,0,159,128,128,0,163,30,0,25,105,3,0,0,0,422,0,0,0,59,363,10,10,0,10,10,0,0,
26-Nov-23,50,50,0,38,25,0,0,0,13,12,12,0,12,12,0,0,0,166,166,0,0,189,30,0,0,159,164,164,0,164,30,0,25,105,4,3776,3776,0,395,0,37,0,58,300,10,10,0,10,10,0,0,
27-Nov-23,100,100,0,38,25,0,0,0,13,174,174,0,12,12,0,0,0,281,281,0,0,189,30,0,0,159,532,532,0,162,30,0,25,105,2,0,0,0,845,0,37,0,59,749,15,15,0,10,10,0,0,
28-Nov-23,700,700,0,38,25,0,0,0,13,231,231,0,12,12,0,0,0,663,663,0,0,189,30,0,0,159,452,452,0,163,30,0,25,105,3,0,0,0,282,0,37,0,60,185,80,80,0,10,10,0,0,
29-Nov-23,760,760,0,38,25,0,0,0,13,393,393,0,12,12,0,0,0,570,570,0,0,189,30,0,0,159,514,514,0,340,30,0,202,105,3,247,247,0,247,0,37,0,60,150,50,50,0,10,10,0,0,
30-Nov-23,920,920,0,38,25,0,0,0,13,362,362,0,362,12,0,350,0,389,389,0,0,389,30,0,200,159,3098,3098,0,2566,30,0,2429,105,2,249,249,0,249,0,37,0,62,150,80,80,0,10,10,0,0,
01-Dec-23,730,730,0,38,25,0,0,0,13,242,242,0,612,12,0,600,0,985,985,0,0,2189,30,0,2000,159,1431,1431,0,526,15,0,402,105,4,210,210,0,817,37,0,0,62,718,50,50,0,10,10,0,0,
02-Dec-23,370,370,0,38,25,0,0,0,13,279,279,0,612,12,0,600,0,522,522,0,0,2189,30,0,2000,159,609,609,0,3285,15,0,3162,105,3,0,0,0,282,0,37,0,62,183,50,50,0,10,10,0,0,
03-Dec-23,830,830,0,25,25,0,0,0,0,890,890,0,612,12,0,600,0,1276,1276,0,0,2189,30,0,2000,159,450,450,0,1650,15,0,1528,105,2,99,99,0,99,0,37,0,62,0,150,150,0,10,10,0,0,
04-Dec-23,3950,3950,0,25,25,0,0,0,0,4506,4506,0,2562,12,0,2550,0,5777,5777,0,0,2189,30,0,2000,159,5304,5304,0,3279,15,0,3162,100,2,100,100,0,100,0,37,0,63,0,371,371,0,371,0,0,371,
05-Dec-23,0,,,0,,,,,,0,,,0,,,,,0,,,,0,,,,,0,,,0,,,,,,0,,,0,,,,,,0,,,0,,,,
06-Dec-23,8585,8585,0,8585,25,0,8560,0,0,2662,2662,0,2662,12,0,2650,0,1240,1240,0,0,1189,30,0,1000,159,4166,4166,0,6110,15,0,6000,95,0,77,77,0,77,0,37,0,40,0,450,450,0,450,10,0,440,
07-Dec-23,4675,4675,0,4700,25,0,4675,0,0,2309,2309,0,2716,16,0,2400,300,850,550,0,300,289,30,0,100,159,2606,2606,0,2606,15,0,2500,89,2,0,0,0,141,0,89,0,52,0,347,347,0,347,10,0,337,
08-Dec-23,2380,2380,0,3215,25,0,3190,0,0,800,800,0,2016,16,0,2000,0,640,640,0,0,289,30,0,100,159,2293,2293,0,2622,15,0,2500,105,2,2713,2713,0,104,0,40,0,64,0,269,269,0,269,10,0,0,
09-Dec-23,2990,2990,0,3215,25,0,3190,0,0,750,750,0,1736,16,0,1720,0,396,396,0,0,489,30,0,300,159,1511,1511,0,2622,15,0,2500,105,2,104,104,0,104,0,40,0,64,0,185,185,0,185,10,0,175,
10-Dec-23,1610,1610,0,1009,25,0,984,0,0,750,750,0,1456,16,0,1440,0,239,239,0,0,239,30,0,50,159,1091,1091,0,1623,15,0,1500,105,3,74,74,0,74,10,0,0,64,0,118,118,0,118,10,0,108,
11-Dec-23,1380,1380,0,512,25,0,487,0,0,556,556,0,846,16,0,0,830,239,239,0,0,239,30,0,50,159,973,973,0,1123,15,0,1000,105,3,0,0,0,140,0,76,0,64,0,102,102,0,102,10,0,92,
12-Dec-23,1080,1080,0,512,25,0,487,0,0,328,328,0,536,16,0,520,0,189,189,0,0,189,30,0,0,159,622,622,0,622,15,0,500,105,2,0,0,0,113,0,48,0,65,0,72,72,0,72,10,0,62,
13-Dec-23,840,840,0,512,25,0,487,0,0,257,257,0,396,16,0,380,0,189,189,0,0,189,30,0,0,159,485,485,0,624,15,0,500,105,4,0,0,0,225,0,160,0,65,0,54,54,0,54,10,0,44,
14-Dec-23,840,840,0,269,25,0,244,0,0,46,46,0,16,16,0,0,0,189,189,0,0,189,30,0,0,159,231,231,0,324,15,0,200,105,4,0,0,0,283,0,218,0,65,0,32,32,0,32,10,0,22,
15-Dec-23,680,680,0,269,25,0,244,0,0,46,46,0,16,16,0,0,0,189,189,0,0,189,30,0,0,159,207,207,0,323,15,0,200,105,3,0,0,0,248,64,184,0,0,0,32,32,0,32,10,0,22,
16-Dec-23,680,680,0,269,25,0,244,0,0,155,155,0,16,16,0,0,0,281,281,0,0,189,30,0,0,159,246,246,0,223,15,0,100,105,3,0,0,0,249,0,184,0,65,0,32,32,0,32,10,0,22,
17-Dec-23,700,700,0,269,25,0,244,0,0,85,85,0,16,16,0,0,0,235,235,0,0,189,30,0,0,159,223,223,0,223,15,0,100,105,3,0,0,0,249,0,184,0,65,0,32,32,0,32,10,0,22,
18-Dec-23,270,270,0,675,25,0,650,0,0,51,51,0,16,16,0,0,0,189,189,0,0,189,30,0,0,159,198,198,0,222,15,0,100,105,2,0,0,0,167,0,101,0,66,0,26,26,0,26,10,0,16,
19-Dec-23,240,240,0,675,25,0,650,0,0,16,16,0,16,16,0,0,0,143,143,0,0,189,30,0,0,159,188,188,0,223,15,0,100,105,3,0,0,0,249,0,184,0,65,0,20,20,0,20,10,0,10,
20-Dec-23,220,220,0,675,25,0,650,0,0,51,51,0,16,16,0,0,0,46,46,0,0,189,30,0,0,159,165,165,0,223,15,0,100,105,3,0,0,0,249,0,184,0,65,0,18,18,0,18,8,0,10,
21-Dec-23,220,220,0,525,500,0,25,0,0,51,51,0,16,16,0,0,0,46,46,0,0,189,30,0,0,159,114,114,0,172,15,0,50,105,2,0,0,0,373,0,308,0,65,0,16,16,0,16,6,0,0,
22-Dec-23,210,210,0,525,25,0,500,0,0,51,51,0,16,16,0,0,0,46,46,0,0,189,30,0,0,159,139,139,0,174,15,0,50,105,4,0,0,0,249,0,184,0,65,0,16,16,0,16,6,0,10,
23-Dec-23,200,200,0,431,25,0,400,0,6,51,51,0,16,16,0,0,0,46,46,0,0,189,30,0,0,159,115,115,0,173,15,0,50,105,3,0,0,0,124,0,59,0,65,0,13,13,0,13,3,0,10,
24-Dec-23,170,170,0,133,25,0,100,0,8,28,28,0,16,16,0,0,0,46,46,0,0,189,30,0,0,159,56,56,0,172,15,0,50,105,2,0,0,0,124,0,59,0,65,0,13,13,0,13,3,0,10,
25-Dec-23,140,140,0,136,25,0,100,0,11,28,28,0,16,16,0,0,0,46,46,0,0,189,30,0,0,159,56,56,0,172,15,0,50,105,2,0,0,0,124,0,59,0,65,0,13,13,0,13,3,0,10,
26-Dec-23,140,140,0,138,25,0,100,0,13,28,28,0,16,16,0,0,0,46,46,0,0,189,30,0,0,159,56,56,0,172,15,0,50,105,2,0,0,0,373,0,307,0,66,0,10,10,0,10,10,0,0,
27-Dec-23,140,140,0,138,25,0,100,0,13,16,16,0,16,16,0,0,0,46,46,0,0,189,30,0,0,159,56,56,0,126,15,3,0,105,3,0,0,0,314,0,249,0,65,0,10,10,0,10,10,0,0,
28-Dec-23,140,140,0,138,25,0,100,,13,16,16,0,16,16,0,0,0,46,46,0,0,189,30,0,0,159,34,34,0,127,15,3,0,105,4,0,0,0,285,0,220,0,65,0,10,10,0,10,10,0,0,
29-Dec-23,90,90,0,88,25,0,50,0,13,16,16,0,16,16,0,0,0,46,46,0,0,189,30,0,0,159,34,34,0,126,15,3,0,105,3,0,0,0,285,0,221,0,64,0,10,10,0,10,10,0,0,
30-Dec-23,90,90,0,88,25,0,50,0,13,16,16,0,16,16,0,0,0,46,46,0,0,189,30,0,0,159,33,33,0,126,15,3,0,105,3,0,0,0,279,0,214,0,65,0,10,10,0,10,10,0,0,
31-Dec-23,70,70,0,38,25,0,0,0,13,16,16,0,16,16,0,0,0,46,46,0,0,189,30,0,0,159,33,33,0,126,15,3,0,105,3,0,0,0,190,0,125,0,65,0,10,10,0,10,10,0,0,
